[{"model": "news_paper.post", "pk": 1, "fields": {"author": 1, "type": "A", "creation_time": "2021-03-28T14:36:55.402Z", "header": "Фантастические приключения бекона", "text": "Spicy jalapeno bacon pork belly ball tip buffalo salami bresaola shank turducken. Pastrami rump beef, doner pig cow chuck meatball ground round. Meatball flank capicola, tongue cow pork tri-tip prosciutto strip steak picanha landjaeger meatloaf. Shoulder cupim short loin kevin salami sirloin filet mignon pork flank bresaola boudin pig. Kevin short loin prosciutto, pork chop ground round leberkas drumstick bresaola. Sausage shankle burgdoggen chislic t-bone jerky.", "rating": 1}}, {"model": "news_paper.post", "pk": 2, "fields": {"author": 1, "type": "A", "creation_time": "2021-03-28T14:38:19.482Z", "header": "Бекон и спорт", "text": "Pastrami jerky pork loin picanha beef ribs ham hock. Prosciutto meatloaf chislic kevin leberkas. Andouille pastrami meatloaf ham hock turducken jerky flank meatball cupim short ribs pork loin cow venison chislic kevin. Brisket kielbasa pork belly turkey, frankfurter kevin hamburger filet mignon t-bone cupim biltong beef ribeye ground round.", "rating": 2}}, {"model": "news_paper.post", "pk": 3, "fields": {"author": 2, "type": "N", "creation_time": "2021-03-28T14:38:53.392Z", "header": "Бекон побеждён!", "text": "Spicy jalapeno bacon pork belly.", "rating": -3}}, {"model": "news_paper.post", "pk": 4, "fields": {"author": 2, "type": "N", "creation_time": "2021-03-31T20:35:04.617Z", "header": "Срочная МЕГАНОВАСТЬ!!!,..", "text": "Оченьмного разного текста. Оченьмного разного текста. Оченьмного разного текста. Оченьмного разного текста. Оченьмного разного текста. Оченьмного разного текста. Оченьмного разного текста. Оченьмного разного текста. Оченьмного разного текста. Оченьмного разного текста. Оченьмного разного текста. Оченьмного разного текста. Оченьмного разного текста. Оченьмного разного текста. Оченьмного разного текста. Бля! Оченьмного разного текста. Оченьмного разного текста. Оченьмного разного текста. Оченьмного разного текста. Оченьмного разного текста. Оченьмного разного текста. Оченьмного разного текста. Оченьмного разного текста. Оченьмного разного текста. Оченьмного разного текста. Оченьмного разного текста. Оченьмного разного текста. Оченьмного разного текста. Оченьмного разного текста. Оченьмного разного текста. Оченьмного разного текста. Оченьмного разного текста. Оченьмного разного текста.", "rating": 0}}, {"model": "news_paper.post", "pk": 6, "fields": {"author": 2, "type": "N", "creation_time": "2021-04-05T20:30:36.326Z", "header": "2", "text": "2222222", "rating": 0}}, {"model": "news_paper.post", "pk": 7, "fields": {"author": 1, "type": "N", "creation_time": "2021-04-05T20:30:51.687Z", "header": "3", "text": "33333333333333", "rating": 0}}, {"model": "news_paper.post", "pk": 8, "fields": {"author": 1, "type": "N", "creation_time": "2021-04-05T20:31:00.298Z", "header": "4", "text": "4444444444444", "rating": 0}}, {"model": "news_paper.post", "pk": 9, "fields": {"author": 1, "type": "N", "creation_time": "2021-04-05T20:31:07.347Z", "header": "5", "text": "555555555555", "rating": 0}}, {"model": "news_paper.post", "pk": 10, "fields": {"author": 1, "type": "N", "creation_time": "2021-04-05T20:31:16.171Z", "header": "6", "text": "6666666666666", "rating": 0}}, {"model": "news_paper.post", "pk": 11, "fields": {"author": 2, "type": "N", "creation_time": "2021-04-05T20:31:24.753Z", "header": "7", "text": "777777777777777", "rating": 0}}, {"model": "news_paper.post", "pk": 12, "fields": {"author": 2, "type": "A", "creation_time": "2021-04-05T20:44:53.206Z", "header": "Hmmm... py", "text": "KJdkjdfksnn kajndf k djnk fskdf ksjn  kds kdnfks kdjn knkcnskjnkenkc pwefnnvc   i;o  lkwe  jfujfkdlslskdiekvjkjunulkckaiwwkdcmekke", "rating": 0}}, {"model": "news_paper.post", "pk": 13, "fields": {"author": 1, "type": "A", "creation_time": "2021-04-05T20:45:46.869Z", "header": "zxczx", "text": "zxczxxxxxczcz dsdc dcsdc acasc hfhjsgjdghjhsgdf", "rating": 0}}, {"model": "news_paper.post", "pk": 14, "fields": {"author": 1, "type": "A", "creation_time": "2021-04-14T18:05:39.816Z", "header": "Ololo!", "text": "KJksjncn sdkjnck sdlk ckskdk ck djkdcdk   kjcdjnkdc", "rating": 0}}, {"model": "news_paper.post", "pk": 15, "fields": {"author": 1, "type": "N", "creation_time": "2021-04-21T18:28:18.411Z", "header": "111", "text": "21231111", "rating": 0}}, {"model": "news_paper.post", "pk": 16, "fields": {"author": 1, "type": "N", "creation_time": "2021-04-28T16:47:42.041Z", "header": "111", "text": "1111122212121212", "rating": 0}}, {"model": "news_paper.post", "pk": 17, "fields": {"author": 1, "type": "N", "creation_time": "2021-04-28T16:47:47.540Z", "header": "111", "text": "1111122212121212", "rating": 0}}, {"model": "news_paper.post", "pk": 18, "fields": {"author": 1, "type": "N", "creation_time": "2021-04-28T16:49:07.836Z", "header": "111", "text": "1111122212121212", "rating": 0}}, {"model": "news_paper.post", "pk": 19, "fields": {"author": 1, "type": "N", "creation_time": "2021-04-28T16:49:13.221Z", "header": "111", "text": "1111122212121212", "rating": 0}}, {"model": "news_paper.post", "pk": 20, "fields": {"author": 1, "type": "N", "creation_time": "2021-04-28T16:50:50.224Z", "header": "111", "text": "1111122212121212", "rating": 0}}, {"model": "news_paper.post", "pk": 21, "fields": {"author": 2, "type": "A", "creation_time": "2021-04-28T16:51:24.321Z", "header": "fgfgfg", "text": "53425", "rating": 0}}, {"model": "news_paper.post", "pk": 22, "fields": {"author": 2, "type": "A", "creation_time": "2021-04-28T20:58:55.502Z", "header": "Header!", "text": "Test sending!", "rating": 0}}, {"model": "news_paper.post", "pk": 23, "fields": {"author": 2, "type": "A", "creation_time": "2021-04-28T20:59:50.627Z", "header": "Header!", "text": "Test sending!", "rating": 0}}, {"model": "news_paper.post", "pk": 24, "fields": {"author": 2, "type": "A", "creation_time": "2021-04-28T21:00:34.242Z", "header": "Header!", "text": "Test sending!", "rating": 0}}, {"model": "news_paper.post", "pk": 25, "fields": {"author": 2, "type": "A", "creation_time": "2021-04-28T21:10:02.025Z", "header": "Header! test", "text": "new post new post new post new post new post new post new post new post new post new post new post new post new post new post new post new post new post new post new post new post new post new post new post new post new post new post new post new post new post new post new post new post new post new post new post new post new post new post new post new post new post new post new post new post new post new post new post new post new post new post new post new post new post new post new post new post new post new post new post new post new post new post new post new post new post new post new post new post new post new post new post new post new post new post new post new post new post new post new post new post new post new post new post new post new post new post new post new post new post new post new post new post new post new post new post new post", "rating": 0}}, {"model": "news_paper.post", "pk": 26, "fields": {"author": 2, "type": "A", "creation_time": "2021-04-28T21:10:39.932Z", "header": "Header! test", "text": "new post new post new post new post new post new post new post new post new post new post new post new post new post new post new post new post new post new post new post new post new post new post new post new post new post new post new post new post new post new post new post new post new post new post new post new post new post new post new post new post new post new post new post new post new post new post new post new post new post new post new post new post new post new post new post new post new post new post new post new post new post new post new post new post new post new post new post new post new post new post new post new post new post new post new post new post new post new post new post new post new post new post new post new post new post new post new post new post new post new post new post new post new post new post new post new post", "rating": 0}}, {"model": "news_paper.post", "pk": 27, "fields": {"author": 2, "type": "A", "creation_time": "2021-04-28T21:12:17.611Z", "header": "Header! test", "text": "new post new post new post new post new post new post new post new post new post new post new post new post new post new post new post new post new post new post new post new post new post new post new post new post new post new post new post new post new post new post new post new post new post new post new post new post new post new post new post new post new post new post new post new post new post new post new post new post new post new post new post new post new post new post new post new post new post new post new post new post new post new post new post new post new post new post new post new post new post new post new post new post new post new post new post new post new post new post new post new post new post new post new post new post new post new post new post new post new post new post new post new post new post new post new post new post", "rating": 0}}, {"model": "news_paper.post", "pk": 28, "fields": {"author": 2, "type": "N", "creation_time": "2021-04-28T21:25:27.520Z", "header": "Testing header!", "text": "Megotext Megotext Megotext Megotext Megotext Megotext Megotext Megotext Megotext Megotext Megotext Megotext Megotext Megotext Megotext Megotext Megotext Megotext Megotext Megotext Megotext Megotext Megotext Megotext Megotext Megotext Megotext Megotext Megotext Megotext Megotext Megotext Megotext Megotext Megotext Megotext Megotext Megotext Megotext Megotext Megotext Megotext Megotext Megotext Megotext Megotext Megotext Megotext Megotext Megotext Megotext Megotext Megotext Megotext Megotext Megotext Megotext Megotext Megotext Megotext Megotext Megotext Megotext Megotext Megotext Megotext Megotext Megotext Megotext Megotext Megotext Megotext Megotext Megotext Megotext Megotext Megotext Megotext Megotext Megotext Megotext Megotext Megotext", "rating": 0}}, {"model": "news_paper.post", "pk": 29, "fields": {"author": 2, "type": "N", "creation_time": "2021-04-28T21:27:49.656Z", "header": "Testing header!", "text": "Megotext Megotext Megotext Megotext Megotext Megotext Megotext Megotext Megotext Megotext Megotext Megotext Megotext Megotext Megotext Megotext Megotext Megotext Megotext Megotext Megotext Megotext Megotext Megotext Megotext Megotext Megotext Megotext Megotext Megotext Megotext Megotext Megotext Megotext Megotext Megotext Megotext Megotext Megotext Megotext Megotext Megotext Megotext Megotext Megotext Megotext Megotext Megotext Megotext Megotext Megotext Megotext Megotext Megotext Megotext Megotext Megotext Megotext Megotext Megotext Megotext Megotext Megotext Megotext Megotext Megotext Megotext Megotext Megotext Megotext Megotext Megotext Megotext Megotext Megotext Megotext Megotext Megotext Megotext Megotext Megotext Megotext Megotext", "rating": 0}}, {"model": "news_paper.post", "pk": 30, "fields": {"author": 2, "type": "N", "creation_time": "2021-04-28T21:30:02.196Z", "header": "Testing header!", "text": "Megotext Megotext Megotext Megotext Megotext Megotext Megotext Megotext Megotext Megotext Megotext Megotext Megotext Megotext Megotext Megotext Megotext Megotext Megotext Megotext Megotext Megotext Megotext Megotext Megotext Megotext Megotext Megotext Megotext Megotext Megotext Megotext Megotext Megotext Megotext Megotext Megotext Megotext Megotext Megotext Megotext Megotext Megotext Megotext Megotext Megotext Megotext Megotext Megotext Megotext Megotext Megotext Megotext Megotext Megotext Megotext Megotext Megotext Megotext Megotext Megotext Megotext Megotext Megotext Megotext Megotext Megotext Megotext Megotext Megotext Megotext Megotext Megotext Megotext Megotext Megotext Megotext Megotext Megotext Megotext Megotext Megotext Megotext", "rating": 0}}, {"model": "news_paper.post", "pk": 31, "fields": {"author": 1, "type": "A", "creation_time": "2021-04-28T21:31:40.934Z", "header": "Testing header!", "text": "retwrte  ahs hvhv ascjv sdc ,svbd, bs,db ,bsdretwrte  ahs hvhv ascjv sdc ,svbd, bs,db ,bsdretwrte  ahs hvhv ascjv sdc ,svbd, bs,db ,bsdretwrte  ahs hvhv ascjv sdc ,svbd, bs,db ,bsdretwrte  ahs hvhv ascjv sdc ,svbd, bs,db ,bsdretwrte  ahs hvhv ascjv sdc ,svbd, bs,db ,bsdretwrte  ahs hvhv ascjv sdc ,svbd, bs,db ,bsdretwrte  ahs hvhv ascjv sdc ,svbd, bs,db ,bsdretwrte  ahs hvhv ascjv sdc ,svbd, bs,db ,bsdretwrte  ahs hvhv ascjv sdc ,svbd, bs,db ,bsdretwrte  ahs hvhv ascjv sdc ,svbd, bs,db ,bsdretwrte  ahs hvhv ascjv sdc ,svbd, bs,db ,bsdretwrte  ahs hvhv ascjv sdc ,svbd, bs,db ,bsdretwrte  ahs hvhv ascjv sdc ,svbd, bs,db ,bsdretwrte  ahs hvhv ascjv sdc ,svbd, bs,db ,bsdretwrte  ahs hvhv ascjv sdc ,svbd, bs,db ,bsdretwrte  ahs hvhv ascjv sdc ,svbd, bs,db ,bsdretwrte  ahs hvhv ascjv sdc ,svbd, bs,db ,bsdretwrte  ahs hvhv ascjv sdc ,svbd, bs,db ,bsdretwrte  ahs hvhv ascjv sdc ,svbd, bs,db ,bsdretwrte  ahs hvhv ascjv sdc ,svbd, bs,db ,bsdretwrte  ahs hvhv ascjv sdc ,svbd, bs,db ,bsdretwrte  ahs hvhv ascjv sdc ,svbd, bs,db ,bsd", "rating": 0}}, {"model": "news_paper.post", "pk": 32, "fields": {"author": 1, "type": "A", "creation_time": "2021-04-28T21:33:31.715Z", "header": "Header! test", "text": "sdjabck kbjdc bSD JBKJSBDb,kSND K,,K ,,ASBD KJBA SDKJNKADJSBKB.DJ N.KSJN .KJ.KJ. KAJNF .. f.kadn f.knadk nf.kjdfnk.jnsdjabck kbjdc bSD JBKJSBDb,kSND K,,K ,,ASBD KJBA SDKJNKADJSBKB.DJ N.KSJN .KJ.KJ. KAJNF .. f.kadn f.knadk nf.kjdfnk.jnsdjabck kbjdc bSD JBKJSBDb,kSND K,,K ,,ASBD KJBA SDKJNKADJSBKB.DJ N.KSJN .KJ.KJ. KAJNF .. f.kadn f.knadk nf.kjdfnk.jnsdjabck kbjdc bSD JBKJSBDb,kSND K,,K ,,ASBD KJBA SDKJNKADJSBKB.DJ N.KSJN .KJ.KJ. KAJNF .. f.kadn f.knadk nf.kjdfnk.jnsdjabck kbjdc bSD JBKJSBDb,kSND K,,K ,,ASBD KJBA SDKJNKADJSBKB.DJ N.KSJN .KJ.KJ. KAJNF .. f.kadn f.knadk nf.kjdfnk.jnsdjabck kbjdc bSD JBKJSBDb,kSND K,,K ,,ASBD KJBA SDKJNKADJSBKB.DJ N.KSJN .KJ.KJ. KAJNF .. f.kadn f.knadk nf.kjdfnk.jnsdjabck kbjdc bSD JBKJSBDb,kSND K,,K ,,ASBD KJBA SDKJNKADJSBKB.DJ N.KSJN .KJ.KJ. KAJNF .. f.kadn f.knadk nf.kjdfnk.jnsdjabck kbjdc bSD JBKJSBDb,kSND K,,K ,,ASBD KJBA SDKJNKADJSBKB.DJ N.KSJN .KJ.KJ. KAJNF .. f.kadn f.knadk nf.kjdfnk.jnsdjabck kbjdc bSD JBKJSBDb,kSND K,,K ,,ASBD KJBA SDKJNKADJSBKB.DJ N.KSJN .KJ.KJ. KAJNF .. f.kadn f.knadk nf.kjdfnk.jnsdjabck kbjdc bSD JBKJSBDb,kSND K,,K ,,ASBD KJBA SDKJNKADJSBKB.DJ N.KSJN .KJ.KJ. KAJNF .. f.kadn f.knadk nf.kjdfnk.jnsdjabck kbjdc bSD JBKJSBDb,kSND K,,K ,,ASBD KJBA SDKJNKADJSBKB.DJ N.KSJN .KJ.KJ. KAJNF .. f.kadn f.knadk nf.kjdfnk.jnsdjabck kbjdc bSD JBKJSBDb,kSND K,,K ,,ASBD KJBA SDKJNKADJSBKB.DJ N.KSJN .KJ.KJ. KAJNF .. f.kadn f.knadk nf.kjdfnk.jnsdjabck kbjdc bSD JBKJSBDb,kSND K,,K ,,ASBD KJBA SDKJNKADJSBKB.DJ N.KSJN .KJ.KJ. KAJNF .. f.kadn f.knadk nf.kjdfnk.jnsdjabck kbjdc bSD JBKJSBDb,kSND K,,K ,,ASBD KJBA SDKJNKADJSBKB.DJ N.KSJN .KJ.KJ. KAJNF .. f.kadn f.knadk nf.kjdfnk.jnsdjabck kbjdc bSD JBKJSBDb,kSND K,,K ,,ASBD KJBA SDKJNKADJSBKB.DJ N.KSJN .KJ.KJ. KAJNF .. f.kadn f.knadk nf.kjdfnk.jnsdjabck kbjdc bSD JBKJSBDb,kSND K,,K ,,ASBD KJBA SDKJNKADJSBKB.DJ N.KSJN .KJ.KJ. KAJNF .. f.kadn f.knadk nf.kjdfnk.jnsdjabck kbjdc bSD JBKJSBDb,kSND K,,K ,,ASBD KJBA SDKJNKADJSBKB.DJ N.KSJN .KJ.KJ. KAJNF .. f.kadn f.knadk nf.kjdfnk.jnsdjabck kbjdc bSD JBKJSBDb,kSND K,,K ,,ASBD KJBA SDKJNKADJSBKB.DJ N.KSJN .KJ.KJ. KAJNF .. f.kadn f.knadk nf.kjdfnk.jnsdjabck kbjdc bSD JBKJSBDb,kSND K,,K ,,ASBD KJBA SDKJNKADJSBKB.DJ N.KSJN .KJ.KJ. KAJNF .. f.kadn f.knadk nf.kjdfnk.jnsdjabck kbjdc bSD JBKJSBDb,kSND K,,K ,,ASBD KJBA SDKJNKADJSBKB.DJ N.KSJN .KJ.KJ. KAJNF .. f.kadn f.knadk nf.kjdfnk.jnsdjabck kbjdc bSD JBKJSBDb,kSND K,,K ,,ASBD KJBA SDKJNKADJSBKB.DJ N.KSJN .KJ.KJ. KAJNF .. f.kadn f.knadk nf.kjdfnk.jnsdjabck kbjdc bSD JBKJSBDb,kSND K,,K ,,ASBD KJBA SDKJNKADJSBKB.DJ N.KSJN .KJ.KJ. KAJNF .. f.kadn f.knadk nf.kjdfnk.jnsdjabck kbjdc bSD JBKJSBDb,kSND K,,K ,,ASBD KJBA SDKJNKADJSBKB.DJ N.KSJN .KJ.KJ. KAJNF .. f.kadn f.knadk nf.kjdfnk.jnsdjabck kbjdc bSD JBKJSBDb,kSND K,,K ,,ASBD KJBA SDKJNKADJSBKB.DJ N.KSJN .KJ.KJ. KAJNF .. f.kadn f.knadk nf.kjdfnk.jnsdjabck kbjdc bSD JBKJSBDb,kSND K,,K ,,ASBD KJBA SDKJNKADJSBKB.DJ N.KSJN .KJ.KJ. KAJNF .. f.kadn f.knadk nf.kjdfnk.jnsdjabck kbjdc bSD JBKJSBDb,kSND K,,K ,,ASBD KJBA SDKJNKADJSBKB.DJ N.KSJN .KJ.KJ. KAJNF .. f.kadn f.knadk nf.kjdfnk.jnsdjabck kbjdc bSD JBKJSBDb,kSND K,,K ,,ASBD KJBA SDKJNKADJSBKB.DJ N.KSJN .KJ.KJ. KAJNF .. f.kadn f.knadk nf.kjdfnk.jnsdjabck kbjdc bSD JBKJSBDb,kSND K,,K ,,ASBD KJBA SDKJNKADJSBKB.DJ N.KSJN .KJ.KJ. KAJNF .. f.kadn f.knadk nf.kjdfnk.jnsdjabck kbjdc bSD JBKJSBDb,kSND K,,K ,,ASBD KJBA SDKJNKADJSBKB.DJ N.KSJN .KJ.KJ. KAJNF .. f.kadn f.knadk nf.kjdfnk.jn", "rating": 0}}, {"model": "news_paper.post", "pk": 33, "fields": {"author": 1, "type": "A", "creation_time": "2021-04-28T21:34:55.737Z", "header": "111", "text": "jhbs dchb s dcbjhb sdhjh,s bdhj,bas ,djbhs,ajbd,jhasj,hba,sdb,jhasd,jbhsh,d,jhasbd,jsa,jb bhjhhhdhhhsbhab j  lkn sd nsnlskndl nkslkn lsnk dlnjhbs dchb s dcbjhb sdhjh,s bdhj,bas ,djbhs,ajbd,jhasj,hba,sdb,jhasd,jbhsh,d,jhasbd,jsa,jb bhjhhhdhhhsbhab j  lkn sd nsnlskndl nkslkn lsnk dlnjhbs dchb s dcbjhb sdhjh,s bdhj,bas ,djbhs,ajbd,jhasj,hba,sdb,jhasd,jbhsh,d,jhasbd,jsa,jb bhjhhhdhhhsbhab j  lkn sd nsnlskndl nkslkn lsnk dlnjhbs dchb s dcbjhb sdhjh,s bdhj,bas ,djbhs,ajbd,jhasj,hba,sdb,jhasd,jbhsh,d,jhasbd,jsa,jb bhjhhhdhhhsbhab j  lkn sd nsnlskndl nkslkn lsnk dlnjhbs dchb s dcbjhb sdhjh,s bdhj,bas ,djbhs,ajbd,jhasj,hba,sdb,jhasd,jbhsh,d,jhasbd,jsa,jb bhjhhhdhhhsbhab j  lkn sd nsnlskndl nkslkn lsnk dlnjhbs dchb s dcbjhb sdhjh,s bdhj,bas ,djbhs,ajbd,jhasj,hba,sdb,jhasd,jbhsh,d,jhasbd,jsa,jb bhjhhhdhhhsbhab j  lkn sd nsnlskndl nkslkn lsnk dlnjhbs dchb s dcbjhb sdhjh,s bdhj,bas ,djbhs,ajbd,jhasj,hba,sdb,jhasd,jbhsh,d,jhasbd,jsa,jb bhjhhhdhhhsbhab j  lkn sd nsnlskndl nkslkn lsnk dlnjhbs dchb s dcbjhb sdhjh,s bdhj,bas ,djbhs,ajbd,jhasj,hba,sdb,jhasd,jbhsh,d,jhasbd,jsa,jb bhjhhhdhhhsbhab j  lkn sd nsnlskndl nkslkn lsnk dlnjhbs dchb s dcbjhb sdhjh,s bdhj,bas ,djbhs,ajbd,jhasj,hba,sdb,jhasd,jbhsh,d,jhasbd,jsa,jb bhjhhhdhhhsbhab j  lkn sd nsnlskndl nkslkn lsnk dlnjhbs dchb s dcbjhb sdhjh,s bdhj,bas ,djbhs,ajbd,jhasj,hba,sdb,jhasd,jbhsh,d,jhasbd,jsa,jb bhjhhhdhhhsbhab j  lkn sd nsnlskndl nkslkn lsnk dlnjhbs dchb s dcbjhb sdhjh,s bdhj,bas ,djbhs,ajbd,jhasj,hba,sdb,jhasd,jbhsh,d,jhasbd,jsa,jb bhjhhhdhhhsbhab j  lkn sd nsnlskndl nkslkn lsnk dlnjhbs dchb s dcbjhb sdhjh,s bdhj,bas ,djbhs,ajbd,jhasj,hba,sdb,jhasd,jbhsh,d,jhasbd,jsa,jb bhjhhhdhhhsbhab j  lkn sd nsnlskndl nkslkn lsnk dlnjhbs dchb s dcbjhb sdhjh,s bdhj,bas ,djbhs,ajbd,jhasj,hba,sdb,jhasd,jbhsh,d,jhasbd,jsa,jb bhjhhhdhhhsbhab j  lkn sd nsnlskndl nkslkn lsnk dlnjhbs dchb s dcbjhb sdhjh,s bdhj,bas ,djbhs,ajbd,jhasj,hba,sdb,jhasd,jbhsh,d,jhasbd,jsa,jb bhjhhhdhhhsbhab j  lkn sd nsnlskndl nkslkn lsnk dlnjhbs dchb s dcbjhb sdhjh,s bdhj,bas ,djbhs,ajbd,jhasj,hba,sdb,jhasd,jbhsh,d,jhasbd,jsa,jb bhjhhhdhhhsbhab j  lkn sd nsnlskndl nkslkn lsnk dlnjhbs dchb s dcbjhb sdhjh,s bdhj,bas ,djbhs,ajbd,jhasj,hba,sdb,jhasd,jbhsh,d,jhasbd,jsa,jb bhjhhhdhhhsbhab j  lkn sd nsnlskndl nkslkn lsnk dlnjhbs dchb s dcbjhb sdhjh,s bdhj,bas ,djbhs,ajbd,jhasj,hba,sdb,jhasd,jbhsh,d,jhasbd,jsa,jb bhjhhhdhhhsbhab j  lkn sd nsnlskndl nkslkn lsnk dlnjhbs dchb s dcbjhb sdhjh,s bdhj,bas ,djbhs,ajbd,jhasj,hba,sdb,jhasd,jbhsh,d,jhasbd,jsa,jb bhjhhhdhhhsbhab j  lkn sd nsnlskndl nkslkn lsnk dlnjhbs dchb s dcbjhb sdhjh,s bdhj,bas ,djbhs,ajbd,jhasj,hba,sdb,jhasd,jbhsh,d,jhasbd,jsa,jb bhjhhhdhhhsbhab j  lkn sd nsnlskndl nkslkn lsnk dlnjhbs dchb s dcbjhb sdhjh,s bdhj,bas ,djbhs,ajbd,jhasj,hba,sdb,jhasd,jbhsh,d,jhasbd,jsa,jb bhjhhhdhhhsbhab j  lkn sd nsnlskndl nkslkn lsnk dln", "rating": 0}}, {"model": "news_paper.post", "pk": 34, "fields": {"author": 1, "type": "A", "creation_time": "2021-04-28T21:37:17.031Z", "header": "Header! test", "text": "dhbj cbjah bdcjhbsjdchb jhsdjch sjdc", "rating": 0}}, {"model": "news_paper.post", "pk": 35, "fields": {"author": 2, "type": "A", "creation_time": "2021-04-28T21:41:48.885Z", "header": "111", "text": "121212", "rating": 0}}, {"model": "news_paper.post", "pk": 36, "fields": {"author": 1, "type": "A", "creation_time": "2021-04-28T21:43:00.953Z", "header": "111", "text": "11111", "rating": 0}}, {"model": "news_paper.post", "pk": 37, "fields": {"author": 1, "type": "A", "creation_time": "2021-04-28T21:44:26.967Z", "header": "111", "text": "11111", "rating": 0}}, {"model": "news_paper.post", "pk": 38, "fields": {"author": 1, "type": "A", "creation_time": "2021-04-28T21:45:30.552Z", "header": "111", "text": "11111", "rating": 0}}, {"model": "news_paper.post", "pk": 39, "fields": {"author": 1, "type": "A", "creation_time": "2021-04-28T21:46:34.156Z", "header": "111", "text": "11111", "rating": 0}}, {"model": "news_paper.post", "pk": 40, "fields": {"author": 1, "type": "A", "creation_time": "2021-04-28T21:48:38.641Z", "header": "111", "text": "11111", "rating": 0}}, {"model": "news_paper.post", "pk": 41, "fields": {"author": 1, "type": "A", "creation_time": "2021-04-28T21:49:37.610Z", "header": "111", "text": "11111", "rating": 0}}, {"model": "news_paper.post", "pk": 42, "fields": {"author": 1, "type": "A", "creation_time": "2021-04-28T21:51:14.124Z", "header": "111", "text": "11111", "rating": 0}}, {"model": "news_paper.post", "pk": 43, "fields": {"author": 1, "type": "A", "creation_time": "2021-04-28T21:51:46.738Z", "header": "111", "text": "11111", "rating": 0}}, {"model": "news_paper.post", "pk": 44, "fields": {"author": 1, "type": "A", "creation_time": "2021-04-28T21:52:06.175Z", "header": "111", "text": "11111", "rating": 0}}, {"model": "news_paper.post", "pk": 45, "fields": {"author": 1, "type": "A", "creation_time": "2021-04-28T21:52:43.761Z", "header": "111", "text": "11111", "rating": 0}}, {"model": "news_paper.post", "pk": 46, "fields": {"author": 1, "type": "A", "creation_time": "2021-04-28T21:53:25.693Z", "header": "111", "text": "11111", "rating": 0}}, {"model": "news_paper.post", "pk": 47, "fields": {"author": 1, "type": "A", "creation_time": "2021-04-28T21:54:40.165Z", "header": "111", "text": "11111", "rating": 0}}, {"model": "news_paper.post", "pk": 48, "fields": {"author": 1, "type": "A", "creation_time": "2021-04-28T21:54:57.956Z", "header": "111", "text": "11111", "rating": 0}}, {"model": "news_paper.post", "pk": 49, "fields": {"author": 2, "type": "A", "creation_time": "2021-04-29T19:31:41.166Z", "header": "2222", "text": "12121212", "rating": 0}}, {"model": "news_paper.post", "pk": 50, "fields": {"author": 2, "type": "A", "creation_time": "2021-04-29T19:34:32.656Z", "header": "2222", "text": "12121212", "rating": 0}}, {"model": "news_paper.post", "pk": 51, "fields": {"author": 2, "type": "A", "creation_time": "2021-04-29T19:35:13.034Z", "header": "2222", "text": "12121212", "rating": 0}}, {"model": "news_paper.post", "pk": 52, "fields": {"author": 2, "type": "A", "creation_time": "2021-04-29T19:36:28.428Z", "header": "2222", "text": "12121212", "rating": 0}}, {"model": "news_paper.post", "pk": 53, "fields": {"author": 2, "type": "A", "creation_time": "2021-04-29T19:37:39.145Z", "header": "2222", "text": "12121212", "rating": 0}}, {"model": "news_paper.post", "pk": 54, "fields": {"author": 2, "type": "A", "creation_time": "2021-04-29T19:38:31.716Z", "header": "2222", "text": "12121212", "rating": 0}}, {"model": "news_paper.post", "pk": 55, "fields": {"author": 2, "type": "A", "creation_time": "2021-04-29T19:39:17.137Z", "header": "2222", "text": "12121212", "rating": 0}}, {"model": "news_paper.post", "pk": 56, "fields": {"author": 2, "type": "A", "creation_time": "2021-04-29T19:40:42.765Z", "header": "2222", "text": "12121212", "rating": 0}}, {"model": "news_paper.post", "pk": 57, "fields": {"author": 2, "type": "A", "creation_time": "2021-04-29T19:42:26.079Z", "header": "2222", "text": "12121212", "rating": 0}}, {"model": "news_paper.post", "pk": 58, "fields": {"author": 2, "type": "A", "creation_time": "2021-04-29T19:44:30.250Z", "header": "2222", "text": "12121212", "rating": 0}}, {"model": "news_paper.post", "pk": 59, "fields": {"author": 2, "type": "A", "creation_time": "2021-04-29T19:45:26.292Z", "header": "2222", "text": "12121212", "rating": 0}}, {"model": "news_paper.post", "pk": 60, "fields": {"author": 2, "type": "A", "creation_time": "2021-04-29T19:46:10.154Z", "header": "2222", "text": "12121212", "rating": 0}}, {"model": "news_paper.post", "pk": 61, "fields": {"author": 2, "type": "A", "creation_time": "2021-04-29T19:49:26.766Z", "header": "2222", "text": "12121212", "rating": 0}}, {"model": "news_paper.post", "pk": 62, "fields": {"author": 2, "type": "A", "creation_time": "2021-04-29T19:50:38.057Z", "header": "2222", "text": "12121212", "rating": 0}}, {"model": "news_paper.post", "pk": 63, "fields": {"author": 2, "type": "A", "creation_time": "2021-04-29T19:57:04.561Z", "header": "2222", "text": "12121212", "rating": 0}}, {"model": "news_paper.post", "pk": 64, "fields": {"author": 2, "type": "A", "creation_time": "2021-04-29T20:07:12.444Z", "header": "2222", "text": "12121212", "rating": 0}}, {"model": "news_paper.post", "pk": 65, "fields": {"author": 2, "type": "A", "creation_time": "2021-04-29T20:08:22.331Z", "header": "2222", "text": "12121212", "rating": 0}}, {"model": "news_paper.post", "pk": 66, "fields": {"author": 2, "type": "A", "creation_time": "2021-04-29T20:08:49.680Z", "header": "2222", "text": "12121212", "rating": 0}}, {"model": "news_paper.post", "pk": 67, "fields": {"author": 2, "type": "A", "creation_time": "2021-04-29T20:14:07.718Z", "header": "2222", "text": "12121212", "rating": 0}}, {"model": "news_paper.post", "pk": 68, "fields": {"author": 2, "type": "A", "creation_time": "2021-04-29T20:35:02.967Z", "header": "2222", "text": "12121212", "rating": 0}}, {"model": "news_paper.post", "pk": 69, "fields": {"author": 2, "type": "A", "creation_time": "2021-04-29T20:39:17.252Z", "header": "2222", "text": "12121212", "rating": 0}}, {"model": "news_paper.post", "pk": 70, "fields": {"author": 2, "type": "A", "creation_time": "2021-04-29T20:40:11.119Z", "header": "2222", "text": "12121212 jhdkajh dkjsd kjbs kjdb kba lsdb clakbs clkba sdlkcb l jb12121212 jhdkajh dkjsd kjbs kjdb kba lsdb clakbs clkba sdlkcb l jb12121212 jhdkajh dkjsd kjbs kjdb kba lsdb clakbs clkba sdlkcb l jb12121212 jhdkajh dkjsd kjbs kjdb kba lsdb clakbs clkba sdlkcb l jb12121212 jhdkajh dkjsd kjbs kjdb kba lsdb clakbs clkba sdlkcb l jb12121212 jhdkajh dkjsd kjbs kjdb kba lsdb clakbs clkba sdlkcb l jb12121212 jhdkajh dkjsd kjbs kjdb kba lsdb clakbs clkba sdlkcb l jb12121212 jhdkajh dkjsd kjbs kjdb kba lsdb clakbs clkba sdlkcb l jb12121212 jhdkajh dkjsd kjbs kjdb kba lsdb clakbs clkba sdlkcb l jb12121212 jhdkajh dkjsd kjbs kjdb kba lsdb clakbs clkba sdlkcb l jb12121212 jhdkajh dkjsd kjbs kjdb kba lsdb clakbs clkba sdlkcb l jb12121212 jhdkajh dkjsd kjbs kjdb kba lsdb clakbs clkba sdlkcb l jb12121212 jhdkajh dkjsd kjbs kjdb kba lsdb clakbs clkba sdlkcb l jb12121212 jhdkajh dkjsd kjbs kjdb kba lsdb clakbs clkba sdlkcb l jb", "rating": 0}}, {"model": "news_paper.post", "pk": 71, "fields": {"author": 1, "type": "A", "creation_time": "2021-05-04T15:01:33.096Z", "header": "1", "text": "1", "rating": 0}}, {"model": "news_paper.post", "pk": 72, "fields": {"author": 2, "type": "N", "creation_time": "2021-05-04T15:02:15.949Z", "header": "2", "text": "2", "rating": 0}}, {"model": "news_paper.post", "pk": 73, "fields": {"author": 1, "type": "N", "creation_time": "2021-05-04T15:02:28.512Z", "header": "3", "text": "3", "rating": 0}}, {"model": "news_paper.post", "pk": 74, "fields": {"author": 1, "type": "N", "creation_time": "2021-05-04T15:02:49.240Z", "header": "4", "text": "4", "rating": 0}}, {"model": "news_paper.post", "pk": 75, "fields": {"author": 3, "type": "A", "creation_time": "2021-05-05T10:43:18.829Z", "header": "2222", "text": "12121212333", "rating": 0}}, {"model": "news_paper.post", "pk": 76, "fields": {"author": 1, "type": "A", "creation_time": "2021-05-05T11:16:56.915Z", "header": "1", "text": "1", "rating": 0}}, {"model": "news_paper.post", "pk": 77, "fields": {"author": 2, "type": "A", "creation_time": "2021-05-05T11:18:59.140Z", "header": "1", "text": "1", "rating": 0}}, {"model": "news_paper.post", "pk": 78, "fields": {"author": 3, "type": "A", "creation_time": "2021-05-05T15:16:34.894Z", "header": "21212", "text": "1212121212", "rating": 0}}, {"model": "news_paper.post", "pk": 79, "fields": {"author": 3, "type": "N", "creation_time": "2021-05-11T12:17:46.070Z", "header": "Testing header!", "text": "1212121 ceklery", "rating": 0}}, {"model": "news_paper.post", "pk": 80, "fields": {"author": 3, "type": "N", "creation_time": "2021-05-11T12:29:54.114Z", "header": "Testing header!", "text": "1212121 ceklery", "rating": 0}}, {"model": "news_paper.category", "pk": 1, "fields": {"category": "Спорт"}}, {"model": "news_paper.category", "pk": 2, "fields": {"category": "Политика"}}, {"model": "news_paper.category", "pk": 3, "fields": {"category": "Фантастика"}}, {"model": "news_paper.category", "pk": 4, "fields": {"category": "Непонятное"}}, {"model": "news_paper.postcategory", "pk": 1, "fields": {"post": 1, "category": 3}}, {"model": "news_paper.postcategory", "pk": 2, "fields": {"post": 1, "category": 4}}, {"model": "news_paper.postcategory", "pk": 3, "fields": {"post": 2, "category": 1}}, {"model": "news_paper.postcategory", "pk": 4, "fields": {"post": 2, "category": 4}}, {"model": "news_paper.postcategory", "pk": 5, "fields": {"post": 3, "category": 2}}, {"model": "news_paper.postcategory", "pk": 6, "fields": {"post": 3, "category": 4}}, {"model": "news_paper.postcategory", "pk": 7, "fields": {"post": 3, "category": 3}}, {"model": "news_paper.postcategory", "pk": 8, "fields": {"post": 4, "category": 2}}, {"model": "news_paper.postcategory", "pk": 9, "fields": {"post": 13, "category": 4}}, {"model": "news_paper.postcategory", "pk": 10, "fields": {"post": 2, "category": 2}}, {"model": "news_paper.postcategory", "pk": 11, "fields": {"post": 2, "category": 3}}, {"model": "news_paper.postcategory", "pk": 12, "fields": {"post": 14, "category": 4}}, {"model": "news_paper.postcategory", "pk": 13, "fields": {"post": 15, "category": 4}}, {"model": "news_paper.postcategory", "pk": 14, "fields": {"post": 21, "category": 1}}, {"model": "news_paper.postcategory", "pk": 15, "fields": {"post": 21, "category": 4}}, {"model": "news_paper.postcategory", "pk": 16, "fields": {"post": 24, "category": 1}}, {"model": "news_paper.postcategory", "pk": 17, "fields": {"post": 24, "category": 2}}, {"model": "news_paper.postcategory", "pk": 18, "fields": {"post": 24, "category": 3}}, {"model": "news_paper.postcategory", "pk": 19, "fields": {"post": 24, "category": 4}}, {"model": "news_paper.postcategory", "pk": 20, "fields": {"post": 30, "category": 1}}, {"model": "news_paper.postcategory", "pk": 21, "fields": {"post": 30, "category": 2}}, {"model": "news_paper.postcategory", "pk": 22, "fields": {"post": 30, "category": 3}}, {"model": "news_paper.postcategory", "pk": 23, "fields": {"post": 30, "category": 4}}, {"model": "news_paper.postcategory", "pk": 24, "fields": {"post": 31, "category": 1}}, {"model": "news_paper.postcategory", "pk": 25, "fields": {"post": 31, "category": 2}}, {"model": "news_paper.postcategory", "pk": 26, "fields": {"post": 31, "category": 3}}, {"model": "news_paper.postcategory", "pk": 27, "fields": {"post": 31, "category": 4}}, {"model": "news_paper.postcategory", "pk": 28, "fields": {"post": 32, "category": 1}}, {"model": "news_paper.postcategory", "pk": 29, "fields": {"post": 32, "category": 2}}, {"model": "news_paper.postcategory", "pk": 30, "fields": {"post": 32, "category": 3}}, {"model": "news_paper.postcategory", "pk": 31, "fields": {"post": 32, "category": 4}}, {"model": "news_paper.postcategory", "pk": 32, "fields": {"post": 33, "category": 1}}, {"model": "news_paper.postcategory", "pk": 33, "fields": {"post": 33, "category": 2}}, {"model": "news_paper.postcategory", "pk": 34, "fields": {"post": 33, "category": 3}}, {"model": "news_paper.postcategory", "pk": 35, "fields": {"post": 33, "category": 4}}, {"model": "news_paper.postcategory", "pk": 36, "fields": {"post": 34, "category": 1}}, {"model": "news_paper.postcategory", "pk": 37, "fields": {"post": 34, "category": 2}}, {"model": "news_paper.postcategory", "pk": 38, "fields": {"post": 34, "category": 3}}, {"model": "news_paper.postcategory", "pk": 39, "fields": {"post": 34, "category": 4}}, {"model": "news_paper.postcategory", "pk": 40, "fields": {"post": 35, "category": 1}}, {"model": "news_paper.postcategory", "pk": 41, "fields": {"post": 35, "category": 2}}, {"model": "news_paper.postcategory", "pk": 42, "fields": {"post": 35, "category": 3}}, {"model": "news_paper.postcategory", "pk": 43, "fields": {"post": 35, "category": 4}}, {"model": "news_paper.postcategory", "pk": 44, "fields": {"post": 37, "category": 1}}, {"model": "news_paper.postcategory", "pk": 45, "fields": {"post": 37, "category": 2}}, {"model": "news_paper.postcategory", "pk": 46, "fields": {"post": 37, "category": 3}}, {"model": "news_paper.postcategory", "pk": 47, "fields": {"post": 37, "category": 4}}, {"model": "news_paper.postcategory", "pk": 48, "fields": {"post": 38, "category": 1}}, {"model": "news_paper.postcategory", "pk": 49, "fields": {"post": 38, "category": 2}}, {"model": "news_paper.postcategory", "pk": 50, "fields": {"post": 38, "category": 3}}, {"model": "news_paper.postcategory", "pk": 51, "fields": {"post": 38, "category": 4}}, {"model": "news_paper.postcategory", "pk": 52, "fields": {"post": 39, "category": 1}}, {"model": "news_paper.postcategory", "pk": 53, "fields": {"post": 39, "category": 2}}, {"model": "news_paper.postcategory", "pk": 54, "fields": {"post": 39, "category": 3}}, {"model": "news_paper.postcategory", "pk": 55, "fields": {"post": 39, "category": 4}}, {"model": "news_paper.postcategory", "pk": 56, "fields": {"post": 41, "category": 1}}, {"model": "news_paper.postcategory", "pk": 57, "fields": {"post": 41, "category": 2}}, {"model": "news_paper.postcategory", "pk": 58, "fields": {"post": 41, "category": 3}}, {"model": "news_paper.postcategory", "pk": 59, "fields": {"post": 41, "category": 4}}, {"model": "news_paper.postcategory", "pk": 60, "fields": {"post": 42, "category": 1}}, {"model": "news_paper.postcategory", "pk": 61, "fields": {"post": 42, "category": 2}}, {"model": "news_paper.postcategory", "pk": 62, "fields": {"post": 42, "category": 3}}, {"model": "news_paper.postcategory", "pk": 63, "fields": {"post": 42, "category": 4}}, {"model": "news_paper.postcategory", "pk": 64, "fields": {"post": 43, "category": 1}}, {"model": "news_paper.postcategory", "pk": 65, "fields": {"post": 43, "category": 2}}, {"model": "news_paper.postcategory", "pk": 66, "fields": {"post": 43, "category": 3}}, {"model": "news_paper.postcategory", "pk": 67, "fields": {"post": 43, "category": 4}}, {"model": "news_paper.postcategory", "pk": 68, "fields": {"post": 44, "category": 1}}, {"model": "news_paper.postcategory", "pk": 69, "fields": {"post": 44, "category": 2}}, {"model": "news_paper.postcategory", "pk": 70, "fields": {"post": 44, "category": 3}}, {"model": "news_paper.postcategory", "pk": 71, "fields": {"post": 44, "category": 4}}, {"model": "news_paper.postcategory", "pk": 72, "fields": {"post": 45, "category": 1}}, {"model": "news_paper.postcategory", "pk": 73, "fields": {"post": 45, "category": 2}}, {"model": "news_paper.postcategory", "pk": 74, "fields": {"post": 45, "category": 3}}, {"model": "news_paper.postcategory", "pk": 75, "fields": {"post": 45, "category": 4}}, {"model": "news_paper.postcategory", "pk": 76, "fields": {"post": 46, "category": 1}}, {"model": "news_paper.postcategory", "pk": 77, "fields": {"post": 46, "category": 2}}, {"model": "news_paper.postcategory", "pk": 78, "fields": {"post": 46, "category": 3}}, {"model": "news_paper.postcategory", "pk": 79, "fields": {"post": 46, "category": 4}}, {"model": "news_paper.postcategory", "pk": 80, "fields": {"post": 47, "category": 1}}, {"model": "news_paper.postcategory", "pk": 81, "fields": {"post": 47, "category": 2}}, {"model": "news_paper.postcategory", "pk": 82, "fields": {"post": 47, "category": 3}}, {"model": "news_paper.postcategory", "pk": 83, "fields": {"post": 47, "category": 4}}, {"model": "news_paper.postcategory", "pk": 84, "fields": {"post": 48, "category": 1}}, {"model": "news_paper.postcategory", "pk": 85, "fields": {"post": 48, "category": 2}}, {"model": "news_paper.postcategory", "pk": 86, "fields": {"post": 48, "category": 3}}, {"model": "news_paper.postcategory", "pk": 87, "fields": {"post": 49, "category": 3}}, {"model": "news_paper.postcategory", "pk": 88, "fields": {"post": 49, "category": 4}}, {"model": "news_paper.postcategory", "pk": 89, "fields": {"post": 50, "category": 3}}, {"model": "news_paper.postcategory", "pk": 90, "fields": {"post": 50, "category": 4}}, {"model": "news_paper.postcategory", "pk": 91, "fields": {"post": 51, "category": 3}}, {"model": "news_paper.postcategory", "pk": 92, "fields": {"post": 51, "category": 4}}, {"model": "news_paper.postcategory", "pk": 93, "fields": {"post": 52, "category": 3}}, {"model": "news_paper.postcategory", "pk": 94, "fields": {"post": 52, "category": 4}}, {"model": "news_paper.postcategory", "pk": 95, "fields": {"post": 53, "category": 3}}, {"model": "news_paper.postcategory", "pk": 96, "fields": {"post": 53, "category": 4}}, {"model": "news_paper.postcategory", "pk": 97, "fields": {"post": 54, "category": 3}}, {"model": "news_paper.postcategory", "pk": 98, "fields": {"post": 54, "category": 4}}, {"model": "news_paper.postcategory", "pk": 99, "fields": {"post": 55, "category": 3}}, {"model": "news_paper.postcategory", "pk": 100, "fields": {"post": 55, "category": 4}}, {"model": "news_paper.postcategory", "pk": 101, "fields": {"post": 57, "category": 3}}, {"model": "news_paper.postcategory", "pk": 102, "fields": {"post": 57, "category": 4}}, {"model": "news_paper.postcategory", "pk": 103, "fields": {"post": 58, "category": 1}}, {"model": "news_paper.postcategory", "pk": 104, "fields": {"post": 58, "category": 3}}, {"model": "news_paper.postcategory", "pk": 105, "fields": {"post": 58, "category": 4}}, {"model": "news_paper.postcategory", "pk": 106, "fields": {"post": 59, "category": 1}}, {"model": "news_paper.postcategory", "pk": 107, "fields": {"post": 59, "category": 3}}, {"model": "news_paper.postcategory", "pk": 108, "fields": {"post": 59, "category": 4}}, {"model": "news_paper.postcategory", "pk": 109, "fields": {"post": 60, "category": 1}}, {"model": "news_paper.postcategory", "pk": 110, "fields": {"post": 60, "category": 3}}, {"model": "news_paper.postcategory", "pk": 111, "fields": {"post": 60, "category": 4}}, {"model": "news_paper.postcategory", "pk": 112, "fields": {"post": 61, "category": 1}}, {"model": "news_paper.postcategory", "pk": 113, "fields": {"post": 61, "category": 3}}, {"model": "news_paper.postcategory", "pk": 114, "fields": {"post": 61, "category": 4}}, {"model": "news_paper.postcategory", "pk": 115, "fields": {"post": 62, "category": 1}}, {"model": "news_paper.postcategory", "pk": 116, "fields": {"post": 62, "category": 3}}, {"model": "news_paper.postcategory", "pk": 117, "fields": {"post": 62, "category": 4}}, {"model": "news_paper.postcategory", "pk": 118, "fields": {"post": 63, "category": 1}}, {"model": "news_paper.postcategory", "pk": 119, "fields": {"post": 63, "category": 3}}, {"model": "news_paper.postcategory", "pk": 120, "fields": {"post": 63, "category": 4}}, {"model": "news_paper.postcategory", "pk": 121, "fields": {"post": 67, "category": 1}}, {"model": "news_paper.postcategory", "pk": 122, "fields": {"post": 67, "category": 3}}, {"model": "news_paper.postcategory", "pk": 123, "fields": {"post": 67, "category": 4}}, {"model": "news_paper.postcategory", "pk": 124, "fields": {"post": 68, "category": 1}}, {"model": "news_paper.postcategory", "pk": 125, "fields": {"post": 68, "category": 3}}, {"model": "news_paper.postcategory", "pk": 126, "fields": {"post": 68, "category": 4}}, {"model": "news_paper.postcategory", "pk": 127, "fields": {"post": 69, "category": 1}}, {"model": "news_paper.postcategory", "pk": 128, "fields": {"post": 69, "category": 3}}, {"model": "news_paper.postcategory", "pk": 129, "fields": {"post": 69, "category": 4}}, {"model": "news_paper.postcategory", "pk": 130, "fields": {"post": 70, "category": 1}}, {"model": "news_paper.postcategory", "pk": 131, "fields": {"post": 70, "category": 3}}, {"model": "news_paper.postcategory", "pk": 132, "fields": {"post": 70, "category": 4}}, {"model": "news_paper.postcategory", "pk": 133, "fields": {"post": 71, "category": 4}}, {"model": "news_paper.postcategory", "pk": 134, "fields": {"post": 72, "category": 2}}, {"model": "news_paper.postcategory", "pk": 135, "fields": {"post": 73, "category": 4}}, {"model": "news_paper.postcategory", "pk": 136, "fields": {"post": 74, "category": 1}}, {"model": "news_paper.postcategory", "pk": 137, "fields": {"post": 75, "category": 4}}, {"model": "news_paper.postcategory", "pk": 138, "fields": {"post": 76, "category": 2}}, {"model": "news_paper.postcategory", "pk": 139, "fields": {"post": 77, "category": 4}}, {"model": "news_paper.postcategory", "pk": 140, "fields": {"post": 78, "category": 1}}]